가입유형,제조사,모델명,Pet Name,출고가,플러스플랜130,플러스플랜115,플러스플랜105,플러스플랜95,데이터플랜MAX,데이터플랜150GB,데이터플랜125GB,데이터플랜95GB,데이터플랜80GB,데이터플랜50GB,데이터플랜31GB,데이터플랜24GB,데이터플랜14GB,데이터플랜9GB,데이터플랜5GB,데이터플랜1.5GB,데이터플랜750MB,데이터플랜300MB,LTE 키즈 22,(LTE) 시니어 16.5
번호이동,SSE,SM-S926N256,S24+,1353000,690000,690000,660000,660000,640000,539000,504000,490000,476000,455000,441000,427000,398000,342000,262000,233000,205000,0,0,0
010신규/기변,SSE,SM-S926N256,S24+,1353000,600000,600000,600000,600000,600000,529000,494000,480000,466000,445000,431000,417000,388000,332000,262000,233000,205000,0,0,0
번호이동,SSE,SM-S926N512,S24+ 512GB,1496000,690000,690000,660000,660000,640000,539000,504000,490000,476000,455000,441000,427000,398000,342000,262000,233000,205000,0,0,0
010신규/기변,SSE,SM-S926N512,S24+ 512GB,1496000,600000,600000,600000,600000,600000,529000,494000,480000,466000,445000,431000,417000,388000,332000,262000,233000,205000,0,0,0
번호이동,SSE,SM-S928N256,S24 Ultra,1698400,800000,800000,800000,750000,700000,539000,504000,490000,476000,455000,441000,427000,398000,342000,262000,233000,205000,0,0,0
010신규/기변,SSE,SM-S928N256,S24 Ultra,1698400,600000,600000,600000,600000,600000,529000,494000,480000,466000,445000,431000,417000,388000,332000,262000,233000,205000,0,0,0
번호이동,SSE,SM-S928N512,S24 Ultra 512GB,1841400,800000,800000,800000,750000,700000,539000,504000,490000,476000,455000,441000,427000,398000,342000,262000,233000,205000,0,0,0
010신규/기변,SSE,SM-S928N512,S24 Ultra 512GB,1841400,600000,600000,600000,600000,600000,529000,494000,480000,466000,445000,431000,417000,388000,332000,262000,233000,205000,0,0,0
번호이동,APPLE,UIP17-256,iPhone17 256GB,1287000,550000,550000,550000,550000,550000,488000,457000,444000,432000,413000,401000,389000,364000,314000,252000,227000,202000,0,0,0
010신규/기변,APPLE,UIP17-256,iPhone17 256GB,1287000,450000,450000,450000,450000,450000,400000,375000,365000,355000,339000,329000,319000,299000,259000,208000,188000,168000,0,0,0
번호이동,APPLE,UIP17-512,iPhone17 512GB,1584000,550000,550000,550000,550000,550000,488000,457000,444000,432000,413000,401000,389000,364000,314000,252000,227000,202000,0,0,0
010신규/기변,APPLE,UIP17-512,iPhone17 512GB,1584000,450000,450000,450000,450000,450000,400000,375000,365000,355000,339000,329000,319000,299000,259000,208000,188000,168000,0,0,0
번호이동,APPLE,UIPA-256,iPhone Air 256GB,1584000,550000,550000,550000,550000,550000,488000,457000,444000,432000,413000,401000,389000,364000,314000,252000,227000,202000,0,0,0
010신규/기변,APPLE,UIPA-256,iPhone Air 256GB,1584000,450000,450000,450000,450000,450000,400000,375000,365000,355000,339000,329000,319000,299000,259000,208000,188000,168000,0,0,0
번호이동,APPLE,UIPA-512,iPhone Air 512GB,1881000,550000,550000,550000,550000,550000,488000,457000,444000,432000,413000,401000,389000,364000,314000,252000,227000,202000,0,0,0
010신규/기변,APPLE,UIPA-512,iPhone Air 512GB,1881000,450000,450000,450000,450000,450000,400000,375000,365000,355000,339000,329000,319000,299000,259000,208000,188000,168000,0,0,0
번호이동,APPLE,UIPA-1T,iPhone Air 1T,2189000,550000,550000,550000,550000,550000,488000,457000,444000,432000,413000,401000,389000,364000,314000,252000,227000,202000,0,0,0
010신규/기변,APPLE,UIPA-1T,iPhone Air 1T,2189000,450000,450000,450000,450000,450000,400000,375000,365000,355000,339000,329000,319000,299000,259000,208000,188000,168000,0,0,0
번호이동,APPLE,UIP17PR-256,iPhone17 Pro 256GB,1782000,550000,550000,550000,550000,550000,488000,457000,444000,432000,413000,401000,389000,364000,314000,252000,227000,202000,0,0,0
010신규/기변,APPLE,UIP17PR-256,iPhone17 Pro 256GB,1782000,450000,450000,450000,450000,450000,400000,375000,365000,355000,339000,329000,319000,299000,259000,208000,188000,168000,0,0,0
번호이동,APPLE,UIP17PR-512,iPhone17 Pro 512GB,2090000,550000,550000,550000,550000,550000,488000,457000,444000,432000,413000,401000,389000,364000,314000,252000,227000,202000,0,0,0
010신규/기변,APPLE,UIP17PR-512,iPhone17 Pro 512GB,2090000,450000,450000,450000,450000,450000,400000,375000,365000,355000,339000,329000,319000,299000,259000,208000,188000,168000,0,0,0
번호이동,APPLE,UIP17PR-1T,iPhone17 Pro 1TB,2387000,550000,550000,550000,550000,550000,488000,457000,444000,432000,413000,401000,389000,364000,314000,252000,227000,202000,0,0,0
010신규/기변,APPLE,UIP17PR-1T,iPhone17 Pro 1TB,2387000,450000,450000,450000,450000,450000,400000,375000,365000,355000,339000,329000,319000,299000,259000,208000,188000,168000,0,0,0
공통,SSE,SM-S942N256,S26,1254000,500000,500000,500000,500000,500000,442000,414000,402000,390000,373000,361000,350000,326000,280000,222000,198000,175000,0,0,0
공통,SSE,SM-S942N512,S26 512GB,1507000,500000,500000,500000,500000,500000,442000,414000,402000,390000,373000,361000,350000,326000,280000,222000,198000,175000,0,0,0
공통,SSE,SM-S947N256,S26+,1452000,500000,500000,500000,500000,500000,442000,414000,402000,390000,373000,361000,350000,326000,280000,222000,198000,175000,0,0,0
공통,SSE,SM-S947N512,S26+ 512GB,1705000,500000,500000,500000,500000,500000,442000,414000,402000,390000,373000,361000,350000,326000,280000,222000,198000,175000,0,0,0
공통,SSE,SM-S948N256,S26 Ultra,1797400,500000,500000,500000,500000,500000,442000,414000,402000,390000,373000,361000,350000,326000,280000,222000,198000,175000,0,0,0
공통,SSE,SM-S948N512,S26 Ultra 512GB,2050400,500000,500000,500000,500000,500000,442000,414000,402000,390000,373000,361000,350000,326000,280000,222000,198000,175000,0,0,0
공통,SSE,SM-S948N1TB,S26 Ultra 1TB,2545400,500000,500000,500000,500000,500000,442000,414000,402000,390000,373000,361000,350000,326000,280000,222000,198000,175000,0,0,0
공통,SSE,SM-S931N256,S25,1155000,230000,204000,186000,168000,151000,133000,124000,121000,117000,112000,108000,105000,98000,84000,66000,59000,52000,0,0,0
공통,SSE,SM-S931N512,S25 512GB,1298000,230000,204000,186000,168000,151000,133000,124000,121000,117000,112000,108000,105000,98000,84000,66000,59000,52000,0,0,0
공통,SSE,SM-S936N256,S25+,1353000,230000,204000,186000,168000,151000,133000,124000,121000,117000,112000,108000,105000,98000,84000,66000,59000,52000,0,0,0
공통,SSE,SM-S936N512,S25+ 512GB,1496000,230000,204000,186000,168000,151000,133000,124000,121000,117000,112000,108000,105000,98000,84000,66000,59000,52000,0,0,0
공통,SSE,SM-S938N256,S25 Ultra,1698400,230000,204000,186000,168000,151000,133000,124000,121000,117000,112000,108000,105000,98000,84000,66000,59000,52000,0,0,0
공통,SSE,SM-S938N512,S25 Ultra 512GB,1841400,230000,204000,186000,168000,151000,133000,124000,121000,117000,112000,108000,105000,98000,84000,66000,59000,52000,0,0,0
공통,SSE,SM-S938N1TB,S25 Ultra 1TB,2127400,230000,204000,186000,168000,151000,133000,124000,121000,117000,112000,108000,105000,98000,84000,66000,59000,52000,0,0,0
공통,SSE,SM-S937N256,갤럭시 S25 Edge 256GB,1496000,700000,700000,700000,700000,700000,618000,577000,560000,544000,519000,503000,487000,454000,388000,305000,272000,239000,0,0,0
공통,SSE,SM-S937N512,갤럭시 S25 Edge 512GB,1639000,700000,700000,700000,700000,700000,618000,577000,560000,544000,519000,503000,487000,454000,388000,305000,272000,239000,0,0,0
공통,SSE,SM-S731N,갤럭시 S25 FE,946000,500000,500000,500000,500000,500000,442000,414000,402000,390000,373000,361000,350000,326000,280000,222000,198000,175000,0,0,0
공통,SSE,SM-F761N256,갤럭시 Z Flip7 FE,1199000,500000,500000,500000,500000,500000,442000,414000,402000,390000,373000,361000,350000,326000,280000,222000,198000,175000,0,0,0
공통,SSE,SM-F766N256,갤럭시 Z Flip7 256GB,1485000,500000,500000,500000,500000,500000,442000,414000,402000,390000,373000,361000,350000,326000,280000,222000,198000,175000,0,0,0
공통,SSE,SM-F766N512,갤럭시 Z Flip7 512GB,1643400,500000,500000,500000,500000,500000,442000,414000,402000,390000,373000,361000,350000,326000,280000,222000,198000,175000,0,0,0
공통,SSE,SM-F966N256,갤럭시 Z Fold7 256GB,2379300,500000,500000,500000,500000,500000,442000,414000,402000,390000,373000,361000,350000,326000,280000,222000,198000,175000,0,0,0
공통,SSE,SM-F966N512,갤럭시 Z Fold7 512GB,2537700,500000,500000,500000,500000,500000,442000,414000,402000,390000,373000,361000,350000,326000,280000,222000,198000,175000,0,0,0
공통,SSE,SM-F966N1TB,갤럭시 Z Fold7 1TB,2933700,500000,500000,500000,500000,500000,442000,414000,402000,390000,373000,361000,350000,326000,280000,222000,198000,175000,0,0,0
공통,SSE,SM-F741N256,갤럭시 Z Flip6 256GB,1485000,500000,500000,500000,500000,500000,442000,414000,402000,390000,373000,361000,350000,326000,280000,222000,198000,175000,0,0,0
공통,SSE,SM-F741N512,갤럭시 Z Flip6 512GB,1643400,500000,500000,500000,500000,500000,442000,414000,402000,390000,373000,361000,350000,326000,280000,222000,198000,175000,0,0,0
공통,SSE,SM-F741N-HG,갤럭시 Z Flip6 화산귀환  에디션,1562000,500000,500000,500000,500000,500000,442000,414000,402000,390000,373000,361000,350000,326000,280000,222000,198000,175000,0,0,0
공통,SSE,SM-F956N256,갤럭시 Z Fold6 256GB,2229700,500000,500000,500000,500000,500000,442000,414000,402000,390000,373000,361000,350000,326000,280000,222000,198000,175000,0,0,0
공통,SSE,SM-F956N512,갤럭시 Z Fold6 512GB,2388100,500000,500000,500000,500000,500000,442000,414000,402000,390000,373000,361000,350000,326000,280000,222000,198000,175000,0,0,0
공통,SSE,SM-F956N1TB,갤럭시 Z Fold6 1TB,2704900,500000,500000,500000,500000,500000,442000,414000,402000,390000,373000,361000,350000,326000,280000,222000,198000,175000,0,0,0
공통,SSE,SM-F958N,갤럭시 Z폴드 SE,2789600,230000,204000,186000,168000,151000,133000,124000,121000,117000,112000,108000,105000,98000,84000,66000,59000,52000,0,0,0
공통,SSE,SM-S921N256,S24,1155000,600000,600000,600000,600000,600000,529000,494000,480000,466000,445000,431000,417000,388000,332000,262000,233000,205000,0,0,0
공통,SSE,SM-S921N512,S24 512GB,1298000,600000,600000,600000,600000,600000,529000,494000,480000,466000,445000,431000,417000,388000,332000,262000,233000,205000,0,0,0
공통,SSE,SM-S721N,갤럭시 S24 FE,946000,500000,500000,500000,500000,500000,442000,414000,402000,390000,373000,361000,350000,326000,280000,222000,198000,175000,0,0,0
공통,SSE,SM-F731N256,갤럭시 Z Flip5 256GB,1399200,500000,500000,500000,500000,500000,442000,414000,402000,390000,373000,361000,350000,326000,280000,222000,198000,175000,0,0,0
공통,SSE,SM-F731N512,갤럭시 Z Flip5 512GB,1520200,500000,500000,500000,500000,500000,442000,414000,402000,390000,373000,361000,350000,326000,280000,222000,198000,175000,0,0,0
공통,SSE,SM-F946N256,갤럭시 Z Fold5 256GB,2097700,500000,500000,500000,500000,500000,442000,414000,402000,390000,373000,361000,350000,326000,280000,222000,198000,175000,0,0,0
공통,SSE,SM-F946N512,갤럭시 Z Fold5 512GB,2218700,500000,500000,500000,500000,500000,442000,414000,402000,390000,373000,361000,350000,326000,280000,222000,198000,175000,0,0,0
공통,SSE,SM-F731N-GT1,갤럭시 Z Flip5 가비지타임 지상고 에디션 512GB,1564200,500000,500000,500000,500000,500000,442000,414000,402000,390000,373000,361000,350000,326000,280000,222000,198000,175000,0,0,0
공통,SSE,SM-F731N-GT2,갤럭시 Z Flip5 가비지타임 장도고 에디션 512GB,1564200,500000,500000,500000,500000,500000,442000,414000,402000,390000,373000,361000,350000,326000,280000,222000,198000,175000,0,0,0
공통,SSE,SM-S911N,S23,1155000,600000,600000,600000,600000,570000,503000,470000,457000,443000,423000,410000,397000,370000,316000,249000,222000,196000,0,0,0
공통,SSE,SM-S911N512,S23 512GB,1276000,600000,600000,600000,600000,570000,503000,470000,457000,443000,423000,410000,397000,370000,316000,249000,222000,196000,0,0,0
공통,SSE,SM-S916N,S23+,1353000,600000,600000,600000,600000,570000,503000,470000,457000,443000,423000,410000,397000,370000,316000,249000,222000,196000,0,0,0
공통,SSE,SM-S916N512,S23+ 512GB,1474000,600000,600000,600000,600000,570000,503000,470000,457000,443000,423000,410000,397000,370000,316000,249000,222000,196000,0,0,0
공통,SSE,SM-S918N,S23 Ultra,1599400,600000,600000,600000,600000,570000,503000,470000,457000,443000,423000,410000,397000,370000,316000,249000,222000,196000,0,0,0
공통,SSE,SM-S918N512,S23 Ultra 512GB,1720400,600000,600000,600000,600000,570000,503000,470000,457000,443000,423000,410000,397000,370000,316000,249000,222000,196000,0,0,0
공통,SSE,SM-S911N-SM,S23 슈퍼말차,1199000,600000,600000,600000,600000,570000,503000,470000,457000,443000,423000,410000,397000,370000,316000,249000,222000,196000,0,0,0
공통,SSE,SM-S711N,S23 FE,847000,500000,500000,500000,500000,500000,455000,433000,424000,415000,402000,393000,384000,366000,330000,285000,267000,249000,0,0,0
공통,SSE,SM-F721N,갤럭시Z Flip4,1155000,600000,600000,600000,600000,570000,503000,470000,457000,443000,423000,410000,397000,370000,316000,249000,222000,196000,0,0,0
공통,SSE,SM-F721N512,갤럭시Z Flip4 512GB,1276000,600000,600000,600000,600000,570000,503000,470000,457000,443000,423000,410000,397000,370000,316000,249000,222000,196000,0,0,0
공통,SSE,SM-F721N-MK,갤럭시Z Flip4_메종키츠네,1188000,600000,600000,600000,600000,570000,503000,470000,457000,443000,423000,410000,397000,370000,316000,249000,222000,196000,0,0,0
공통,SSE,SM-F936N,갤럭시Z Fold4,1598300,600000,600000,600000,600000,570000,503000,470000,457000,443000,423000,410000,397000,370000,316000,249000,222000,196000,0,0,0
공통,SSE,SM-F936N512,갤럭시Z Fold4 512GB,1719300,600000,600000,600000,600000,570000,503000,470000,457000,443000,423000,410000,397000,370000,316000,249000,222000,196000,0,0,0
공통,SSE,SM-S901N,갤럭시 S22,999900,600000,600000,600000,600000,600000,530000,495000,481000,467000,446000,432000,418000,390000,334000,264000,235000,207000,0,0,0
공통,SSE,SM-S906N,갤럭시 S22+,1199000,500000,500000,500000,500000,500000,442000,414000,402000,390000,373000,361000,350000,326000,280000,222000,198000,175000,0,0,0
공통,SSE,SM-S908N,갤럭시 S22 Ultra,1298000,600000,600000,600000,600000,600000,529000,494000,480000,466000,445000,431000,417000,388000,332000,262000,233000,205000,0,0,0
공통,SSE,SM-S908N512,갤럭시 S22 Ultra 512G,1397000,600000,600000,600000,600000,600000,529000,494000,480000,466000,445000,431000,417000,388000,332000,262000,233000,205000,0,0,0
공통,SSE,SM-S908N-DI,갤럭시 S22 Ultra (디아블로 이모탈 에디션),1669000,600000,600000,600000,600000,600000,529000,494000,480000,466000,445000,431000,417000,388000,332000,262000,233000,205000,0,0,0
공통,SSE,SM-F711N,Z Flip3,1056000,600000,600000,600000,600000,600000,533000,501000,487000,474000,454000,441000,428000,402000,349000,283000,256000,230000,0,0,0
공통,SSE,SM-F711N-ZP,U+Z플랜폰,1121890,600000,600000,600000,600000,600000,533000,501000,487000,474000,454000,441000,428000,402000,349000,283000,256000,230000,0,0,0
공통,SSE,SM-F711N-PK,갤럭시 Z Flip 3 포켓몬스터 에디션,1280400,600000,600000,600000,600000,600000,533000,501000,487000,474000,454000,441000,428000,402000,349000,283000,256000,230000,0,0,0
공통,SSE,SM-F926N,Z Fold3 256G,1599400,617000,617000,617000,559000,500000,442000,414000,402000,390000,373000,361000,350000,326000,280000,222000,198000,175000,0,0,0
공통,SSE,SM-F926N512,Z Fold3 512G,1698400,617000,617000,617000,559000,500000,442000,414000,402000,390000,373000,361000,350000,326000,280000,222000,198000,175000,0,0,0
공통,SSE,SM-F707N,갤럭시 Z Flip 5G,999900,800000,800000,800000,800000,800000,706000,660000,640000,622000,593000,575000,556000,518000,443000,349000,311000,273000,0,0,0
공통,SSE,SM-F907N,갤럭시 폴드,1210000,570000,570000,570000,570000,510000,400000,400000,400000,396000,378000,366000,354000,330000,283000,223000,198000,174000,0,0,0
공통,SSE,SM-F916N,갤럭시 Z Fold2,1694000,800000,800000,800000,800000,800000,706000,660000,640000,622000,593000,575000,556000,518000,443000,349000,311000,273000,0,0,0
공통,SSE,SM-G977N,S10 5G,799700,305000,305000,305000,305000,305000,305000,305000,305000,305000,305000,305000,305000,305000,296000,284000,280000,275000,0,0,0
공통,SSE,SM-G977N512,S10 5G 512G,832700,500000,500000,500000,500000,500000,442000,414000,402000,390000,373000,361000,350000,326000,280000,222000,198000,175000,0,0,0
공통,SSE,SM-G977NUB,S10 5G 언락B,799700,500000,500000,500000,500000,500000,442000,414000,402000,390000,373000,361000,350000,326000,280000,222000,198000,175000,0,0,0
공통,SSE,SM-G977NUS,S10 5G 언락S,799700,500000,500000,500000,500000,500000,442000,414000,402000,390000,373000,361000,350000,326000,280000,222000,198000,175000,0,0,0
공통,SSE,SM-G977NUG,S10 5G 언락G,799700,500000,500000,500000,500000,500000,442000,414000,402000,390000,373000,361000,350000,326000,280000,222000,198000,175000,0,0,0
공통,SSE,SM-G977NUB5,S10 5G 512G 언락B,832700,500000,500000,500000,500000,500000,442000,414000,402000,390000,373000,361000,350000,326000,280000,222000,198000,175000,0,0,0
공통,SSE,SM-G977NUS5,S10 5G 512G 언락S,832700,500000,500000,500000,500000,500000,442000,414000,402000,390000,373000,361000,350000,326000,280000,222000,198000,175000,0,0,0
공통,SSE,SM-G981N,갤럭시 S20,1144000,800000,800000,800000,800000,800000,706000,660000,640000,622000,593000,575000,556000,518000,443000,349000,311000,273000,0,0,0
공통,SSE,SM-G986N,갤럭시 S20+,1248500,800000,800000,800000,800000,800000,706000,660000,640000,622000,593000,575000,556000,518000,443000,349000,311000,273000,0,0,0
공통,SSE,SM-G988N,갤럭시 S20 Ultra,1298000,800000,800000,800000,800000,800000,706000,660000,640000,622000,593000,575000,556000,518000,443000,349000,311000,273000,0,0,0
공통,SSE,SM-G986N-BTS,갤럭시 S20+ BTS,1248500,800000,800000,800000,800000,800000,706000,660000,640000,622000,593000,575000,556000,518000,443000,349000,311000,273000,0,0,0
공통,SSE,SM-G781N,갤럭시 S20 FE,732600,600000,600000,600000,600000,550000,470000,440000,427000,415000,396000,384000,372000,347000,298000,236000,212000,187000,0,0,0
공통,SSE,SM-G781N2022,갤럭시 S20 FE (2022),699600,600000,600000,600000,600000,550000,470000,440000,427000,415000,396000,384000,372000,347000,298000,236000,212000,187000,0,0,0
공통,SSE,SM-G991N,갤럭시 S21,899800,500000,500000,500000,500000,500000,442000,414000,402000,390000,373000,361000,350000,326000,280000,222000,198000,175000,0,0,0
공통,SSE,SM-G996N,갤럭시 S21+,1045000,500000,500000,500000,500000,500000,442000,414000,402000,390000,373000,361000,350000,326000,280000,222000,198000,175000,0,0,0
공통,SSE,SM-G998N,갤럭시 S21 Ultra,1254000,600000,600000,600000,600000,600000,530000,495000,481000,467000,446000,432000,418000,390000,334000,264000,235000,207000,0,0,0
공통,SSE,SM-G998N512,갤럭시 S21 Ultra 512G,1401400,600000,600000,600000,600000,600000,530000,495000,481000,467000,446000,432000,418000,390000,334000,264000,235000,207000,0,0,0
공통,SSE,SM-N971N,갤럭시 노트10,995500,700000,700000,700000,700000,700000,618000,578000,561000,545000,520000,504000,488000,455000,390000,309000,276000,243000,0,0,0
공통,SSE,SM-N976N,갤럭시 노트10+,1144000,700000,700000,700000,700000,700000,618000,578000,561000,545000,520000,504000,488000,455000,390000,309000,276000,243000,0,0,0
공통,SSE,SM-N976N512,갤럭시 노트10+ 512G,1243000,700000,700000,700000,700000,700000,618000,578000,561000,545000,520000,504000,488000,455000,390000,309000,276000,243000,0,0,0
공통,SSE,SM-N981N,갤럭시 노트20,1100000,500000,500000,500000,500000,500000,442000,414000,402000,390000,373000,361000,350000,326000,280000,222000,198000,175000,0,0,0
공통,SSE,SM-N986N,갤럭시 노트20 Ultra,1254000,650000,650000,650000,650000,650000,574000,536000,520000,505000,482000,467000,452000,421000,360000,284000,253000,223000,0,0,0
공통,SSE,SM-A176L,갤럭시 버디5,528000,400000,400000,400000,400000,400000,400000,400000,400000,400000,400000,400000,400000,400000,354000,215000,200000,186000,0,0,0
공통,SSE,SM-A166L,갤럭시 버디4,399300,399000,399000,399000,399000,399000,382000,374000,370000,367000,362000,358000,355000,348000,335000,318000,311000,304000,0,0,0
공통,SSE,SM-A156L,갤럭시 버디3,399300,399000,399000,399000,399000,399000,382000,374000,370000,367000,362000,358000,355000,348000,335000,318000,311000,304000,0,0,0
공통,SSE,SM-M236L,갤럭시 버디2,399300,399000,399000,399000,399000,399000,382000,374000,370000,367000,362000,358000,355000,348000,335000,318000,311000,304000,0,0,0
공통,SSE,SM-A516N,갤럭시 A51,473000,450000,450000,450000,450000,450000,400000,375000,365000,355000,340000,330000,320000,300000,260000,209000,189000,169000,0,0,0
공통,SSE,SM-A226L,갤럭시 버디 (U+전용),399300,399000,399000,399000,399000,399000,382000,374000,370000,367000,362000,358000,355000,348000,335000,318000,311000,304000,0,0,0
공통,SSE,SM-A336N,갤럭시 A33,499400,450000,450000,450000,450000,450000,426000,415000,410000,405000,398000,394000,389000,380000,361000,337000,328000,318000,0,0,0
공통,SSE,SM-A346N,갤럭시 A34,499400,230000,204000,186000,168000,151000,133000,124000,121000,117000,112000,108000,105000,98000,84000,66000,59000,52000,0,0,0
공통,SSE,SM-A356N,갤럭시 A35 5G,499400,400000,400000,400000,400000,400000,400000,400000,400000,400000,400000,400000,400000,400000,342000,269000,240000,211000,0,0,0
공통,SSE,SM-A366N,갤럭시 A36 5G,499400,230000,204000,186000,168000,151000,133000,124000,121000,117000,112000,108000,105000,98000,84000,66000,59000,52000,0,0,0
공통,SSE,SM-A256N,갤럭시 A25 5G,449900,390000,390000,390000,390000,390000,387000,365000,356000,348000,334000,326000,317000,300000,265000,222000,204000,187000,0,0,0
공통,SSE,SM-A426N,갤럭시 A42,449900,400000,400000,400000,400000,400000,355000,333000,324000,316000,302000,293000,284000,267000,231000,186000,169000,151000,0,0,0
공통,SSE,SM-A528N,갤럭시 A52s,599500,230000,204000,186000,168000,151000,133000,124000,121000,117000,112000,108000,105000,98000,84000,66000,59000,52000,0,0,0
공통,SSE,SM-A536N,갤럭시 A53,599500,300000,300000,300000,300000,300000,264000,247000,240000,233000,222000,215000,208000,194000,166000,131000,117000,102000,0,0,0
공통,SSE,SM-A908N,갤럭시 A90 5G,550000,300000,300000,300000,300000,300000,265000,248000,241000,235000,224000,218000,211000,197000,170000,135000,122000,108000,0,0,0
공통,LGE,LM-F100N,LG WING,1098900,600000,600000,600000,600000,600000,530000,495000,481000,467000,446000,432000,418000,390000,334000,264000,235000,207000,0,0,0
공통,LGE,LM-G900N,LG VELVET,899800,500000,500000,500000,500000,500000,442000,414000,402000,390000,373000,361000,350000,326000,280000,222000,198000,175000,0,0,0
공통,LGE,LM-Q920N,LG Q92,499400,420000,420000,420000,420000,420000,372000,348000,338000,329000,314000,305000,295000,276000,237000,189000,170000,150000,0,0,0
공통,LGE,LM-V500N,V50,750200,730000,730000,730000,730000,730000,645000,603000,585000,569000,543000,526000,509000,475000,407000,322000,288000,254000,0,0,0
공통,LGE,LM-V510N,V50S,999900,600000,600000,600000,600000,600000,530000,495000,481000,467000,446000,432000,418000,390000,334000,264000,235000,207000,0,0,0
공통,APPLE,UIP17E-256,iPhone17E 256GB,990000,230000,204000,186000,168000,151000,133000,124000,121000,117000,112000,108000,105000,98000,84000,66000,59000,52000,0,0,0
공통,APPLE,UIP17E-512,iPhone17E 512GB,1287000,230000,204000,186000,168000,151000,133000,124000,121000,117000,112000,108000,105000,98000,84000,66000,59000,52000,0,0,0
공통,APPLE,UIP17PM-256,iPhone17 Pro Max 256GB,1980000,230000,204000,186000,168000,151000,133000,124000,121000,117000,112000,108000,105000,98000,84000,66000,59000,52000,0,0,0
공통,APPLE,UIP17PM-512,iPhone17 Pro Max 512GB,2288000,230000,204000,186000,168000,151000,133000,124000,121000,117000,112000,108000,105000,98000,84000,66000,59000,52000,0,0,0
공통,APPLE,UIP17PM-1T,iPhone17 Pro Max 1TB,2585000,230000,204000,186000,168000,151000,133000,124000,121000,117000,112000,108000,105000,98000,84000,66000,59000,52000,0,0,0
공통,APPLE,UIP17PM-2T,iPhone17 Pro Max 2TB,3190000,230000,204000,186000,168000,151000,133000,124000,121000,117000,112000,108000,105000,98000,84000,66000,59000,52000,0,0,0
공통,APPLE,UIP16-128,iPhone16 128GB,1243000,450000,450000,450000,450000,450000,400000,375000,365000,355000,339000,329000,319000,299000,259000,208000,188000,168000,0,0,0
공통,APPLE,UIP16-256,iPhone16 256GB,1397000,450000,450000,450000,450000,450000,400000,375000,365000,355000,339000,329000,319000,299000,259000,208000,188000,168000,0,0,0
공통,APPLE,UIP16-512,iPhone16 512GB,1694000,450000,450000,450000,450000,450000,400000,375000,365000,355000,339000,329000,319000,299000,259000,208000,188000,168000,0,0,0
공통,APPLE,UIP16PL-128,iPhone16 Plus 128GB,1342000,230000,204000,186000,168000,151000,133000,124000,121000,117000,112000,108000,105000,98000,84000,66000,59000,52000,0,0,0
공통,APPLE,UIP16PL-256,iPhone16 Plus 256GB,1496000,230000,204000,186000,168000,151000,133000,124000,121000,117000,112000,108000,105000,98000,84000,66000,59000,52000,0,0,0
공통,APPLE,UIP16PL-512,iPhone16 Plus 512GB,1793000,230000,204000,186000,168000,151000,133000,124000,121000,117000,112000,108000,105000,98000,84000,66000,59000,52000,0,0,0
공통,APPLE,UIP16PR-128,iPhone16 Pro 128GB,1540000,450000,450000,450000,450000,450000,400000,375000,365000,355000,339000,329000,319000,299000,259000,208000,188000,168000,0,0,0
공통,APPLE,UIP16PR-256,iPhone16 Pro 256GB,1694000,450000,450000,450000,450000,450000,400000,375000,365000,355000,339000,329000,319000,299000,259000,208000,188000,168000,0,0,0
공통,APPLE,UIP16PR-512,iPhone16 Pro 512GB,1991000,450000,450000,450000,450000,450000,400000,375000,365000,355000,339000,329000,319000,299000,259000,208000,188000,168000,0,0,0
공통,APPLE,UIP16PR-1T,iPhone16 Pro 1TB,2299000,450000,450000,450000,450000,450000,400000,375000,365000,355000,339000,329000,319000,299000,259000,208000,188000,168000,0,0,0
공통,APPLE,UIP16PM-256,iPhone16 Pro Max 256GB,1892000,450000,450000,450000,450000,450000,400000,375000,365000,355000,339000,329000,319000,299000,259000,208000,188000,168000,0,0,0
공통,APPLE,UIP16PM-512,iPhone16 Pro Max 512GB,2200000,450000,450000,450000,450000,450000,400000,375000,365000,355000,339000,329000,319000,299000,259000,208000,188000,168000,0,0,0
공통,APPLE,UIP16PM-1T,iPhone16 Pro Max 1TB,2497000,450000,450000,450000,450000,450000,400000,375000,365000,355000,339000,329000,319000,299000,259000,208000,188000,168000,0,0,0
공통,APPLE,UIP16E-128,iPhone16E 128GB,990000,230000,204000,186000,168000,151000,133000,124000,121000,117000,112000,108000,105000,98000,84000,66000,59000,52000,0,0,0
공통,APPLE,UIP16E-256,iPhone16E 256GB,1133000,230000,204000,186000,168000,151000,133000,124000,121000,117000,112000,108000,105000,98000,84000,66000,59000,52000,0,0,0
공통,APPLE,UIP16E-512,iPhone16E 512GB,1430000,230000,204000,186000,168000,151000,133000,124000,121000,117000,112000,108000,105000,98000,84000,66000,59000,52000,0,0,0
공통,APPLE,A3090-128,iPhone 15 128G,1243000,450000,450000,450000,450000,450000,400000,375000,365000,355000,339000,329000,319000,299000,259000,208000,188000,168000,0,0,0
공통,APPLE,A3090-256,iPhone 15 256G,1397000,450000,450000,450000,450000,450000,400000,375000,365000,355000,339000,329000,319000,299000,259000,208000,188000,168000,0,0,0
공통,APPLE,A3090-512,iPhone 15 512G,1694000,450000,450000,450000,450000,450000,400000,375000,365000,355000,339000,329000,319000,299000,259000,208000,188000,168000,0,0,0
공통,APPLE,A3094-128,iPhone 15 Plus 128G,1342000,450000,450000,450000,450000,450000,400000,375000,365000,355000,339000,329000,319000,299000,259000,208000,188000,168000,0,0,0
공통,APPLE,A3094-256,iPhone 15 Plus 256G,1496000,450000,450000,450000,450000,450000,400000,375000,365000,355000,339000,329000,319000,299000,259000,208000,188000,168000,0,0,0
공통,APPLE,A3094-512,iPhone 15 Plus 512G,1793000,450000,450000,450000,450000,450000,400000,375000,365000,355000,339000,329000,319000,299000,259000,208000,188000,168000,0,0,0
공통,APPLE,A3102-128,iPhone 15 Pro 128G,1540000,450000,450000,450000,450000,450000,400000,375000,365000,355000,339000,329000,319000,299000,259000,208000,188000,168000,0,0,0
공통,APPLE,A3102-256,iPhone 15 Pro 256G,1694000,450000,450000,450000,450000,450000,400000,375000,365000,355000,339000,329000,319000,299000,259000,208000,188000,168000,0,0,0
공통,APPLE,A3102-512,iPhone 15 Pro 512G,1991000,450000,450000,450000,450000,450000,400000,375000,365000,355000,339000,329000,319000,299000,259000,208000,188000,168000,0,0,0
공통,APPLE,A3102-1TB,iPhone 15 Pro  1TB,2299000,450000,450000,450000,450000,450000,400000,375000,365000,355000,339000,329000,319000,299000,259000,208000,188000,168000,0,0,0
공통,APPLE,A3106-256,iPhone 15 Pro Max 256G,1892000,450000,450000,450000,450000,450000,400000,375000,365000,355000,339000,329000,319000,299000,259000,208000,188000,168000,0,0,0
공통,APPLE,A3106-512,iPhone 15 Pro Max 512G,2200000,450000,450000,450000,450000,450000,400000,375000,365000,355000,339000,329000,319000,299000,259000,208000,188000,168000,0,0,0
공통,APPLE,A3106-1TB,iPhone 15 Pro Max  1TB,2497000,450000,450000,450000,450000,450000,400000,375000,365000,355000,339000,329000,319000,299000,259000,208000,188000,168000,0,0,0
공통,APPLE,A2882-128,iPhone 14 128G,1243000,450000,450000,450000,450000,450000,400000,375000,365000,355000,340000,330000,320000,300000,260000,209000,189000,169000,0,0,0
공통,APPLE,A2882-256,iPhone 14 256G,1397000,450000,450000,450000,450000,450000,400000,375000,365000,355000,340000,330000,320000,300000,260000,209000,189000,169000,0,0,0
공통,APPLE,A2882-512,iPhone 14 512G,1694000,450000,450000,450000,450000,450000,400000,375000,365000,355000,340000,330000,320000,300000,260000,209000,189000,169000,0,0,0
공통,APPLE,A2886-128,iPhone 14 Plus 128G,1342000,550000,550000,550000,550000,550000,488000,457000,444000,432000,413000,401000,389000,364000,314000,252000,227000,202000,0,0,0
공통,APPLE,A2886-256,iPhone 14 Plus 256G,1496000,550000,550000,550000,550000,550000,488000,457000,444000,432000,413000,401000,389000,364000,314000,252000,227000,202000,0,0,0
공통,APPLE,A2886-512,iPhone 14 Plus 512G,1793000,450000,450000,450000,450000,450000,400000,375000,365000,355000,340000,330000,320000,300000,260000,209000,189000,169000,0,0,0
공통,APPLE,A2890-128,iPhone 14 Pro 128G,1540000,500000,500000,500000,500000,500000,441000,412000,400000,389000,371000,359000,347000,324000,277000,218000,195000,171000,0,0,0
공통,APPLE,A2890-256,iPhone 14 Pro 256G,1694000,500000,500000,500000,500000,500000,441000,412000,400000,389000,371000,359000,347000,324000,277000,218000,195000,171000,0,0,0
공통,APPLE,A2890-512,iPhone 14 Pro 512G,1991000,500000,500000,500000,500000,500000,441000,412000,400000,389000,371000,359000,347000,324000,277000,218000,195000,171000,0,0,0
공통,APPLE,A2890-1TB,iPhone 14 Pro  1TB,2299000,500000,500000,500000,500000,500000,441000,412000,400000,389000,371000,359000,347000,324000,277000,218000,195000,171000,0,0,0
공통,APPLE,A2894-128,iPhone 14 Pro Max 128G,1749000,500000,500000,500000,500000,500000,441000,412000,400000,389000,371000,359000,347000,324000,277000,218000,195000,171000,0,0,0
공통,APPLE,A2894-256,iPhone 14 Pro Max 256G,1892000,500000,500000,500000,500000,500000,441000,412000,400000,389000,371000,359000,347000,324000,277000,218000,195000,171000,0,0,0
공통,APPLE,A2894-512,iPhone 14 Pro Max 512G,2200000,500000,500000,500000,500000,500000,441000,412000,400000,389000,371000,359000,347000,324000,277000,218000,195000,171000,0,0,0
공통,APPLE,A2894-1TB,iPhone 14 Pro Max  1TB,2497000,500000,500000,500000,500000,500000,441000,412000,400000,389000,371000,359000,347000,324000,277000,218000,195000,171000,0,0,0
공통,APPLE,A2783-64,iPhone SE 3 64G,589600,400000,400000,400000,400000,400000,350000,327000,318000,308000,294000,285000,276000,257000,220000,173000,154000,136000,0,0,0
공통,APPLE,A2783-128,iPhone SE 3 128G,660000,400000,400000,400000,400000,400000,350000,327000,318000,308000,294000,285000,276000,257000,220000,173000,154000,136000,0,0,0
공통,APPLE,A2783-256,iPhone SE 3 256G,799700,400000,400000,400000,400000,400000,350000,327000,318000,308000,294000,285000,276000,257000,220000,173000,154000,136000,0,0,0
공통,APPLE,A2399-64,AIP12 Mini-64,616000,550000,550000,550000,550000,550000,500000,475000,465000,455000,440000,430000,420000,400000,360000,309000,289000,269000,0,0,0
공통,APPLE,A2399-128,AIP12 Mini-128,682000,550000,550000,550000,550000,550000,500000,475000,465000,455000,440000,430000,420000,400000,360000,309000,289000,269000,0,0,0
공통,APPLE,A2399-256,AIP12 Mini-256,825000,550000,550000,550000,550000,550000,500000,475000,465000,455000,440000,430000,420000,400000,360000,309000,289000,269000,0,0,0
공통,APPLE,A2403-64,AIP12-64,1078000,500000,500000,500000,500000,500000,441000,412000,400000,389000,371000,359000,347000,324000,277000,218000,195000,171000,0,0,0
공통,APPLE,A2403-128,AIP12-128,1155000,500000,500000,500000,500000,500000,441000,412000,400000,389000,371000,359000,347000,324000,277000,218000,195000,171000,0,0,0
공통,APPLE,A2403-256,AIP12-256,1287000,500000,500000,500000,500000,500000,441000,412000,400000,389000,371000,359000,347000,324000,277000,218000,195000,171000,0,0,0
공통,APPLE,A2407-128,AIP12 Pro-128,1342000,500000,500000,500000,500000,500000,441000,412000,400000,389000,371000,359000,347000,324000,277000,218000,195000,171000,0,0,0
공통,APPLE,A2407-256,AIP12 Pro-256,1474000,500000,500000,500000,500000,500000,441000,412000,400000,389000,371000,359000,347000,324000,277000,218000,195000,171000,0,0,0
공통,APPLE,A2407-512,AIP12 Pro-512,1738000,500000,500000,500000,500000,500000,441000,412000,400000,389000,371000,359000,347000,324000,277000,218000,195000,171000,0,0,0
공통,APPLE,A2411-128,AIP12 Pro Max-128,1474000,500000,500000,500000,500000,500000,441000,412000,400000,389000,371000,359000,347000,324000,277000,218000,195000,171000,0,0,0
공통,APPLE,A2411-256,AIP12 Pro Max-256,1606000,500000,500000,500000,500000,500000,441000,412000,400000,389000,371000,359000,347000,324000,277000,218000,195000,171000,0,0,0
공통,APPLE,A2411-512,AIP12 Pro Max-512,1870000,500000,500000,500000,500000,500000,441000,412000,400000,389000,371000,359000,347000,324000,277000,218000,195000,171000,0,0,0
공통,APPLE,A2628-128,AIP13 Mini-128,946000,670000,670000,670000,645000,620000,580000,560000,552000,544000,532000,524000,516000,500000,468000,427000,411000,359000,0,0,0
공통,APPLE,A2628-256,AIP13 Mini-256,1078000,400000,400000,400000,400000,400000,353000,330000,320000,311000,297000,288000,278000,259000,222000,175000,156000,137000,0,0,0
공통,APPLE,A2628-512,AIP13 Mini-512,1353000,400000,400000,400000,400000,400000,353000,330000,320000,311000,297000,288000,278000,259000,222000,175000,156000,137000,0,0,0
공통,APPLE,A2633-128,AIP13-128,748000,500000,500000,500000,500000,500000,497000,496000,496000,495000,495000,494000,494000,493000,491000,489000,488000,487000,0,0,0
공통,APPLE,A2633-256,AIP13-256,1221000,400000,400000,400000,400000,400000,353000,330000,320000,311000,297000,288000,278000,259000,222000,175000,156000,137000,0,0,0
공통,APPLE,A2633-512,AIP13-512,1485000,400000,400000,400000,400000,400000,353000,330000,320000,311000,297000,288000,278000,259000,222000,175000,156000,137000,0,0,0
공통,APPLE,A2638-128,AIP13 Pro-128,1342000,229000,203000,186000,169000,152000,135000,126000,123000,120000,114000,111000,108000,101000,87000,70000,63000,56000,0,0,0
공통,APPLE,A2638-256,AIP13 Pro-256,1474000,229000,203000,186000,169000,152000,135000,126000,123000,120000,114000,111000,108000,101000,87000,70000,63000,56000,0,0,0
공통,APPLE,A2638-512,AIP13 Pro-512,1738000,229000,203000,186000,169000,152000,135000,126000,123000,120000,114000,111000,108000,101000,87000,70000,63000,56000,0,0,0
공통,APPLE,A2638-1TB,AIP13 Pro-1TB,1991000,229000,203000,186000,169000,152000,135000,126000,123000,120000,114000,111000,108000,101000,87000,70000,63000,56000,0,0,0
공통,APPLE,A2643-128,AIP13 Pro Max-128,1474000,229000,203000,186000,169000,152000,135000,126000,123000,120000,114000,111000,108000,101000,87000,70000,63000,56000,0,0,0
공통,APPLE,A2643-256,AIP13 Pro Max-256,1606000,229000,203000,186000,169000,152000,135000,126000,123000,120000,114000,111000,108000,101000,87000,70000,63000,56000,0,0,0
공통,APPLE,A2643-512,AIP13 Pro Max-512,1870000,229000,203000,186000,169000,152000,135000,126000,123000,120000,114000,111000,108000,101000,87000,70000,63000,56000,0,0,0
공통,APPLE,A2643-1TB,AIP13 Pro Max-1TB,2145000,229000,203000,186000,169000,152000,135000,126000,123000,120000,114000,111000,108000,101000,87000,70000,63000,56000,0,0,0
공통,APPLE,DE-A2399-64,데모_AIP12 Mini-64,685300,450000,450000,450000,450000,450000,400000,375000,365000,355000,340000,330000,320000,300000,260000,209000,189000,169000,0,0,0
공통,APPLE,DE-A2403-64,데모_AIP12-64,786500,537000,537000,537000,537000,537000,475000,444000,432000,419000,401000,388000,376000,351000,302000,240000,215000,190000,0,0,0
공통,APPLE,DE-A2407-128,데모_AIP12 Pro-128,954800,493000,493000,493000,493000,493000,435000,407000,395000,383000,366000,354000,343000,319000,273000,215000,192000,169000,0,0,0
공통,APPLE,DE-A2411-128,데모_AIP12 Pro Max-128,1053800,450000,450000,450000,450000,450000,400000,375000,365000,355000,340000,330000,320000,300000,260000,209000,189000,169000,0,0,0
공통,APPLE,DE-A2633-128,데모_AIP13-128,786500,400000,400000,400000,400000,400000,353000,330000,320000,311000,297000,288000,278000,259000,222000,175000,156000,137000,0,0,0
공통,APPLE,DE-A2638-128,데모_AIP13 Pro-128,954800,400000,400000,400000,400000,400000,353000,330000,320000,311000,297000,288000,278000,259000,222000,175000,156000,137000,0,0,0
공통,APPLE,DE-A2628-128,iPhone 13 mini 128G(데모),685300,400000,400000,400000,400000,400000,353000,330000,320000,311000,297000,288000,278000,259000,222000,175000,156000,137000,0,0,0
공통,APPLE,DE-A2643-128,iPhone 13 Pro Max 128G(데모),1053800,400000,400000,400000,400000,400000,353000,330000,320000,311000,297000,288000,278000,259000,222000,175000,156000,137000,0,0,0
공통,Xiaomi,2201116SG,Redmi Note 11 Pro 5G,399300,348000,348000,348000,348000,348000,348000,348000,348000,348000,348000,348000,348000,348000,298000,235000,209000,184000,0,0,0
공통,Xiaomi,22101316UG,Redmi Note 12 Pro+5G,449900,304000,304000,304000,304000,304000,304000,304000,304000,304000,304000,304000,304000,304000,266000,218000,198000,179000,0,0,0
공통,Xiaomi,2312DRA50G_2,Redmi Note 13 Pro+5G (256G),349800,286000,286000,286000,286000,286000,286000,286000,286000,286000,286000,286000,286000,286000,245000,193000,172000,151000,0,0,0
공통,Xiaomi,2312DRA50G_5,Redmi Note 13 Pro+5G (512G),399300,286000,286000,286000,286000,286000,286000,286000,286000,286000,286000,286000,286000,286000,245000,193000,172000,151000,0,0,0
공통,Xiaomi,24090RA29G,Redmi Note 14 Pro 5G,399300,286000,286000,286000,286000,286000,286000,286000,286000,286000,286000,286000,286000,286000,245000,193000,172000,151000,0,0,0
공통,Xiaomi,UXIRN145G,Redmi Note 14 5G,319000,286000,286000,286000,286000,286000,286000,286000,286000,286000,286000,286000,286000,286000,245000,193000,172000,151000,0,0,0
공통,APPLE,DE-A2633-128-N,데모_AIP13-128 (그린),786500,400000,400000,400000,400000,400000,353000,330000,320000,311000,297000,288000,278000,259000,222000,175000,156000,137000,0,0,0
공통,APPLE,DE-A2638-128-N,데모_AIP13 Pro-128 (그린),954800,400000,400000,400000,400000,400000,353000,330000,320000,311000,297000,288000,278000,259000,222000,175000,156000,137000,0,0,0
공통,APPLE,DE-A2633-N,데모_AIP13-128 (그린),786500,400000,400000,400000,400000,400000,353000,330000,320000,311000,297000,288000,278000,259000,222000,175000,156000,137000,0,0,0
공통,APPLE,DE-A2638-N,데모_AIP13 Pro-128 (그린),954800,400000,400000,400000,400000,400000,353000,330000,320000,311000,297000,288000,278000,259000,222000,175000,156000,137000,0,0,0
공통,APPLE,DE-A2882-128,데모_iPhone 14 128G,900900,400000,400000,400000,400000,400000,353000,330000,320000,311000,297000,288000,278000,259000,222000,175000,156000,137000,0,0,0
공통,APPLE,DE-A2886-128,데모_iPhone 14 Plus 128G,973500,400000,400000,400000,400000,400000,353000,330000,320000,311000,297000,288000,278000,259000,222000,175000,156000,137000,0,0,0
공통,APPLE,DE-A2890-128,데모_iPhone 14 Pro 128G,1096700,400000,400000,400000,400000,400000,353000,330000,320000,311000,297000,288000,278000,259000,222000,175000,156000,137000,0,0,0
공통,APPLE,DE-A2894-128,데모_iPhone 14 Pro Max 128G,1238600,400000,400000,400000,400000,400000,353000,330000,320000,311000,297000,288000,278000,259000,222000,175000,156000,137000,0,0,0
공통,APPLE,DE-A3090-128,데모_iPhone 15 128G,899800,400000,400000,400000,400000,400000,353000,330000,320000,311000,297000,288000,278000,259000,222000,175000,156000,137000,0,0,0
공통,APPLE,DE-A3094-128,데모_iPhone 15 Plus 128G,972400,400000,400000,400000,400000,400000,353000,330000,320000,311000,297000,288000,278000,259000,222000,175000,156000,137000,0,0,0
공통,APPLE,DE-A3102-128,데모_iPhone 15 Pro 128G,1095600,400000,400000,400000,400000,400000,353000,330000,320000,311000,297000,288000,278000,259000,222000,175000,156000,137000,0,0,0
공통,APPLE,DE-A3106-256,데모_iPhone 15 Pro Max 128G,1342000,400000,400000,400000,400000,400000,353000,330000,320000,311000,297000,288000,278000,259000,222000,175000,156000,137000,0,0,0
공통,APPLE,DE-UIP16-128,데모_iPhone 16 128G,899800,400000,400000,400000,400000,400000,353000,330000,320000,311000,297000,288000,278000,259000,222000,175000,156000,137000,0,0,0
공통,APPLE,DE-UIP16PL-128,데모_iPhone 16 Plus 128G,972400,400000,400000,400000,400000,400000,353000,330000,320000,311000,297000,288000,278000,259000,222000,175000,156000,137000,0,0,0
공통,APPLE,DE-UIP16PR-256,데모_iPhone 16 Pro 256G,1092300,400000,400000,400000,400000,400000,353000,330000,320000,311000,297000,288000,278000,259000,222000,175000,156000,137000,0,0,0
공통,APPLE,DE-UIP16PM-256,데모_iPhone 16 Pro Max 256G,1342000,400000,400000,400000,400000,400000,353000,330000,320000,311000,297000,288000,278000,259000,222000,175000,156000,137000,0,0,0
공통,APPLE,DE-UIP16E-128,데모_iPhone 16E 128G,712800,400000,400000,400000,400000,400000,353000,330000,320000,311000,297000,288000,278000,259000,222000,175000,156000,137000,0,0,0
공통,LGE,LM-G820N,G8,897600,600000,600000,600000,600000,600000,593000,554000,538000,522000,498000,483000,467000,435000,372000,293000,261000,230000,222000,174000,0
공통,LGE,LM-G710N,G7,898700,551000,551000,551000,551000,551000,545000,509000,494000,480000,458000,444000,429000,400000,342000,269000,240000,211000,204000,160000,0
공통,LGE,LM-G710N128,G7+,976800,551000,551000,551000,551000,551000,545000,509000,494000,480000,458000,444000,429000,400000,342000,269000,240000,211000,204000,160000,0
공통,LGE,LGM-G600LR,G6 32G,819500,601000,601000,601000,601000,601000,594000,555000,539000,523000,499000,484000,468000,436000,373000,294000,262000,230000,222000,175000,0
공통,LGE,LGM-G600L,G6,899800,601000,601000,601000,601000,601000,594000,555000,539000,523000,499000,484000,468000,436000,373000,294000,262000,230000,222000,175000,0
공통,LGE,LGM-G600LP,G6 128G,957000,601000,601000,601000,601000,601000,594000,555000,539000,523000,499000,484000,468000,436000,373000,294000,262000,230000,222000,175000,0
공통,LGE,LM-X625N,X6 2019,349800,140000,140000,140000,140000,140000,139000,130000,126000,122000,117000,113000,109000,102000,87000,69000,61000,54000,52000,41000,0
공통,LGE,LM-X510L,X5,363000,125000,125000,125000,125000,125000,124000,116000,112000,109000,104000,101000,98000,91000,78000,61000,55000,48000,47000,37000,0
공통,LGE,LM-X415L,X4+,349800,300000,300000,300000,300000,300000,297000,277000,269000,261000,249000,242000,234000,218000,186000,147000,131000,115000,111000,87000,0
공통,LGE,LM-X410L,X4,297000,270000,270000,270000,270000,270000,267000,250000,242000,235000,225000,218000,211000,196000,168000,132000,118000,104000,100000,79000,0
공통,LGE,LM-X420N,X4 2019,297000,297000,297000,297000,297000,297000,294000,275000,267000,259000,247000,239000,232000,216000,185000,145000,130000,114000,110000,87000,0
공통,LGE,LGM-X401L,X401,289300,252000,252000,252000,252000,252000,249000,233000,226000,220000,210000,203000,197000,183000,157000,123000,110000,97000,93000,74000,0
공통,LGE,LGM-X100L,LG스마트폴더,297000,222000,222000,222000,222000,222000,222000,220000,219000,218000,217000,216000,216000,214000,211000,207000,205000,203000,203000,200000,0
공통,LGE,LM-Y120L,LG 폴더2,198000,173000,173000,173000,173000,173000,171000,160000,156000,151000,144000,140000,135000,126000,108000,85000,76000,67000,64000,51000,0
공통,LGE,LM-Y110L,LG 폴더폰,220000,160000,160000,160000,160000,160000,159000,148000,144000,140000,133000,129000,125000,116000,100000,79000,70000,62000,60000,47000,0
공통,LGE,LGM-K121L,X400,319000,278000,278000,278000,278000,278000,278000,278000,278000,278000,278000,278000,278000,278000,278000,278000,278000,278000,278000,278000,0
공통,LGE,LGM-K120L,X300,253000,220000,220000,220000,220000,220000,220000,220000,220000,220000,220000,220000,220000,220000,220000,220000,220000,220000,222000,220000,0
공통,LGE,LM-Q927L,Q9 One,199100,120000,120000,120000,120000,120000,119000,111000,108000,105000,100000,97000,94000,87000,75000,59000,53000,46000,45000,35000,0
공통,LGE,LM-Q925L,Q9,499400,120000,120000,120000,120000,120000,119000,111000,108000,105000,100000,97000,94000,87000,75000,59000,53000,46000,45000,35000,0
공통,LGE,LM-Q815L,Q8 2018,539000,135000,135000,135000,135000,135000,134000,125000,121000,118000,113000,109000,106000,98000,84000,66000,59000,52000,50000,40000,0
공통,LGE,LM-Q630N,LG Q61,369600,369000,369000,369000,369000,369000,365000,341000,331000,322000,307000,297000,288000,268000,229000,181000,161000,141000,137000,108000,0
공통,LGE,LM-Q520N,Q52,330000,330000,330000,330000,330000,330000,327000,305000,296000,288000,274000,266000,257000,240000,205000,162000,144000,127000,122000,96000,0
공통,LGE,LM-Q510N,Q51,319000,319000,319000,319000,319000,319000,316000,295000,286000,278000,265000,257000,249000,232000,198000,156000,139000,122000,118000,93000,0
공통,LGE,LM-Q310N,LG Q31,209000,100000,100000,100000,100000,100000,99000,93000,90000,87000,83000,81000,78000,73000,62000,49000,44000,39000,37000,29000,0
공통,LGE,LGM-X800L,Q8,616000,210000,210000,210000,210000,210000,208000,194000,189000,183000,175000,169000,164000,153000,131000,103000,92000,81000,78000,61000,0
공통,LGE,LM-Q730N,Q70,548900,400000,400000,400000,400000,400000,396000,370000,359000,348000,332000,322000,312000,290000,248000,196000,174000,153000,148000,116000,0
공통,LGE,LM-Q720L,Q7,419100,412000,412000,412000,412000,412000,412000,412000,412000,412000,412000,412000,412000,412000,412000,412000,412000,412000,412000,412000,0
공통,LGE,LM-Q725L,Q7+,517000,405000,405000,405000,405000,405000,405000,405000,405000,405000,405000,405000,405000,405000,405000,405000,405000,405000,405000,405000,0
공통,LGE,LM-X220N,X2,198000,173000,173000,173000,173000,173000,173000,173000,173000,173000,173000,173000,173000,173000,173000,173000,173000,173000,173000,173000,0
공통,LGE,LGM-X600L,Q6,419100,365000,365000,365000,365000,365000,365000,365000,365000,365000,365000,365000,365000,365000,365000,365000,365000,365000,365000,365000,0
공통,LGE,LGM-X600LP,Q6+,484000,330000,330000,330000,330000,330000,330000,330000,330000,330000,330000,330000,330000,330000,330000,330000,330000,330000,330000,330000,0
공통,LGE,LGM-X320L,X500,319000,134000,134000,134000,134000,134000,134000,132000,131000,130000,129000,128000,127000,125000,121000,117000,115000,113000,112000,110000,0
공통,LGE,LGM-V300L,V30,799700,650000,650000,650000,650000,650000,643000,600000,583000,566000,540000,523000,506000,472000,403000,318000,283000,249000,240000,189000,0
공통,LGE,LGM-V300L128,V30 128G,849200,401000,401000,401000,401000,401000,397000,371000,360000,349000,333000,323000,312000,291000,249000,196000,175000,154000,148000,117000,0
공통,LGE,LGM-V300L56S,V30S+ ThinQ,948200,501000,501000,501000,501000,501000,495000,463000,449000,436000,416000,403000,390000,364000,311000,245000,218000,192000,185000,146000,0
공통,LGE,LM-V350N,V35,1048300,651000,651000,651000,651000,651000,644000,601000,584000,567000,541000,524000,507000,472000,404000,318000,284000,249000,241000,189000,0
공통,LGE,LM-V409N,V40,1049400,700000,700000,700000,700000,700000,692000,647000,628000,609000,581000,563000,545000,508000,434000,342000,305000,268000,259000,203000,0
공통,LGE,LG-F820L,LG U폰,231000,102000,102000,102000,102000,102000,102000,102000,102000,101000,101000,101000,101000,100000,99000,98000,98000,98000,97000,97000,0
공통,LGE,LG-F800L,V20,899800,610000,610000,610000,610000,610000,603000,564000,547000,531000,507000,491000,475000,443000,379000,298000,266000,234000,226000,177000,0
공통,LGE,LG-F740L,X-skin,176000,154000,154000,154000,154000,154000,154000,154000,154000,154000,154000,154000,154000,154000,154000,154000,154000,154000,154000,154000,0
공통,LGE,LG-F720L,Stylus2,319000,278000,278000,278000,278000,278000,278000,278000,278000,278000,278000,278000,278000,278000,278000,278000,278000,278000,278000,278000,0
공통,LGE,LG-F700L,G5,699600,610000,610000,610000,610000,610000,603000,564000,547000,531000,507000,491000,475000,443000,379000,298000,266000,234000,226000,177000,0
공통,LGE,LG-F690L,X CAM,396000,270000,270000,270000,270000,270000,267000,250000,243000,236000,225000,218000,211000,197000,168000,133000,119000,104000,101000,80000,0
공통,LGE,LG-F670L,K10,275000,162000,162000,162000,162000,162000,162000,159000,158000,157000,156000,155000,154000,151000,147000,142000,140000,138000,137000,134000,0
공통,LGE,LG-H791,넥서스5X_16G,242000,211000,211000,211000,211000,211000,211000,211000,211000,211000,211000,211000,211000,211000,211000,211000,211000,211000,211000,211000,0
공통,LGE,LG-H791-32,넥서스5X_32G,398200,330000,330000,330000,330000,330000,330000,330000,330000,330000,330000,330000,330000,330000,330000,330000,330000,330000,330000,330000,0
공통,LGE,LG-F650L,X-Screen,319000,294000,294000,294000,294000,294000,294000,292000,291000,291000,289000,289000,288000,286000,283000,279000,278000,276000,276000,273000,0
공통,LGE,LG-F620L,LG클래스,319000,280000,280000,280000,280000,280000,280000,278000,277000,276000,275000,274000,274000,272000,269000,265000,263000,261000,261000,258000,0
공통,LGE,LG-F600L,V10,599500,299000,299000,299000,299000,299000,297000,283000,277000,271000,262000,256000,251000,239000,216000,187000,175000,164000,161000,143000,0
공통,LGE,LG-F580L,LG젠틀,132000,132000,132000,132000,132000,132000,131000,122000,119000,115000,110000,107000,103000,96000,82000,65000,58000,51000,49000,39000,0
공통,LGE,LG-F540L,볼트,99000,88000,88000,88000,88000,88000,88000,88000,88000,88000,88000,88000,88000,88000,88000,87000,87000,87000,87000,87000,0
공통,LGE,LG-F510L,G-Flex2,899800,783000,783000,783000,783000,783000,783000,783000,783000,783000,783000,783000,783000,783000,783000,783000,783000,783000,783000,783000,0
공통,LGE,LG-F500L,G4,599500,457000,457000,457000,457000,457000,452000,422000,410000,398000,380000,368000,356000,332000,284000,224000,199000,175000,169000,133000,0
공통,LGE,LG-F460L,G3_Cat6,550000,531000,531000,531000,531000,531000,529000,518000,514000,509000,503000,498000,494000,485000,467000,444000,435000,426000,424000,411000,0
공통,LGE,LG-F440L,아이스크림스마트,286000,286000,286000,286000,286000,286000,286000,281000,280000,278000,275000,274000,272000,269000,262000,253000,250000,246000,245000,240000,0
공통,LGE,LG-F400L,G3,499400,435000,435000,435000,435000,435000,435000,435000,435000,435000,435000,435000,435000,435000,435000,435000,435000,435000,435000,435000,0
공통,LGE,LG-F320L,G2,616000,530000,530000,530000,530000,530000,528000,517000,512000,508000,501000,496000,492000,483000,464000,441000,432000,423000,421000,407000,0
공통,Huawei,EVA-L09,P9,176000,154000,154000,154000,154000,154000,154000,154000,154000,154000,154000,154000,154000,154000,154000,154000,154000,154000,154000,154000,0
공통,Huawei,VIE-L09,P9+,176000,154000,154000,154000,154000,154000,154000,154000,154000,154000,154000,154000,154000,154000,154000,154000,154000,154000,154000,154000,0
공통,Huawei,CAM-L32,H,176000,176000,176000,176000,176000,176000,176000,174000,173000,172000,170000,169000,168000,166000,162000,158000,156000,154000,153000,150000,0
공통,Huawei,HW-SCL-L32,Y6,99000,99000,99000,99000,99000,99000,99000,99000,99000,99000,99000,99000,99000,99000,99000,99000,99000,99000,99000,99000,0
공통,Xiaomi,M2003J6A1R,레드미노트9S,299200,125000,125000,125000,125000,125000,124000,116000,112000,109000,104000,101000,98000,91000,78000,61000,55000,48000,47000,37000,0
공통,Xiaomi,2201117TY,Redmi Note 11,299200,190000,190000,190000,190000,190000,188000,176000,171000,166000,158000,153000,148000,138000,118000,93000,83000,73000,71000,56000,0
공통,Xiaomi,23021RAA2Y,Redmi Note 12,249700,218000,218000,218000,218000,218000,218000,218000,218000,218000,218000,218000,218000,218000,218000,183000,164000,144000,139000,109000,0
공통,Xiaomi,2209116AG,Redmi Note 12 Pro,349800,260000,260000,260000,260000,260000,257000,240000,233000,227000,216000,210000,203000,189000,162000,127000,114000,100000,96000,76000,0
공통,Xiaomi,23124RA7EO,Redmi Note 13 (LTE),292000,172000,172000,172000,172000,172000,172000,172000,172000,172000,172000,172000,172000,172000,172000,172000,172000,151000,146000,115000,0
공통,Xiaomi,2409BRN2CL,Redmi 14C,149600,131000,131000,131000,131000,131000,131000,131000,131000,131000,131000,131000,131000,131000,131000,131000,131000,115000,111000,87000,0
공통,Xiaomi,2409BRN2CL-8,Redmi 14C_8G+256G,199100,174000,174000,174000,174000,174000,174000,174000,174000,174000,174000,174000,174000,174000,174000,174000,174000,153000,147000,116000,0
공통,APPLE,A2296-64,AIPSE2-64,539000,430000,430000,430000,430000,430000,425000,397000,386000,375000,357000,346000,335000,312000,267000,210000,188000,165000,159000,125000,0
공통,APPLE,A2296-128,AIPSE2-128,605000,430000,430000,430000,430000,430000,425000,397000,386000,375000,357000,346000,335000,312000,267000,210000,188000,165000,159000,125000,0
공통,APPLE,A2296-256,AIPSE2-256,748000,430000,430000,430000,430000,430000,425000,397000,386000,375000,357000,346000,335000,312000,267000,210000,188000,165000,159000,125000,0
공통,APPLE,A2296-64-N,AIPSE2-64-N,539000,430000,430000,430000,430000,430000,425000,397000,386000,375000,357000,346000,335000,312000,267000,210000,188000,165000,159000,125000,0
공통,APPLE,A2296-128-N,AIPSE2-128-N,605000,430000,430000,430000,430000,430000,425000,397000,386000,375000,357000,346000,335000,312000,267000,210000,188000,165000,159000,125000,0
공통,APPLE,A2296-256-N,AIPSE2-256-N,610000,430000,430000,430000,430000,430000,425000,397000,386000,375000,357000,346000,335000,312000,267000,210000,188000,165000,159000,125000,0
공통,APPLE,A2221-64,AIP11-64,715000,400000,400000,400000,400000,400000,396000,370000,359000,348000,332000,322000,312000,290000,248000,196000,174000,153000,148000,116000,0
공통,APPLE,A2221-128,AIP11-128,825000,400000,400000,400000,400000,400000,396000,370000,359000,348000,332000,322000,312000,290000,248000,196000,174000,153000,148000,116000,0
공통,APPLE,A2221-256,AIP11-256,1188000,414000,414000,414000,414000,414000,410000,383000,371000,361000,344000,333000,323000,301000,257000,203000,181000,159000,153000,121000,0
공통,APPLE,A2221-256-N,AIP11-256-N,740000,414000,414000,414000,414000,414000,410000,383000,371000,361000,344000,333000,323000,301000,257000,203000,181000,159000,153000,121000,0
공통,APPLE,A2215-64,AIP11 Pro-64,957000,400000,400000,400000,400000,400000,396000,370000,359000,348000,332000,322000,312000,290000,248000,196000,174000,153000,148000,116000,0
공통,APPLE,A2215-256,AIP11 Pro-256,990000,400000,400000,400000,400000,400000,396000,370000,359000,348000,332000,322000,312000,290000,248000,196000,174000,153000,148000,116000,0
공통,APPLE,A2215-512,AIP11 Pro-512,1067000,400000,400000,400000,400000,400000,396000,370000,359000,348000,332000,322000,312000,290000,248000,196000,174000,153000,148000,116000,0
공통,APPLE,A2218-64,AIP11 Pro Max-64,979000,400000,400000,400000,400000,400000,396000,370000,359000,348000,332000,322000,312000,290000,248000,196000,174000,153000,148000,116000,0
공통,APPLE,A2218-256,AIP11 Pro Max-256,1056000,400000,400000,400000,400000,400000,396000,370000,359000,348000,332000,322000,312000,290000,248000,196000,174000,153000,148000,116000,0
공통,APPLE,A2218-512,AIP11 Pro Max-512,1160500,400000,400000,400000,400000,400000,396000,370000,359000,348000,332000,322000,312000,290000,248000,196000,174000,153000,148000,116000,0
공통,APPLE,A2097-64,AIPXS-64,555500,400000,400000,400000,400000,400000,396000,370000,359000,348000,332000,322000,312000,290000,248000,196000,174000,153000,148000,116000,0
공통,APPLE,A2097-256,AIPXS-256,610500,400000,400000,400000,400000,400000,396000,370000,359000,348000,332000,322000,312000,290000,248000,196000,174000,153000,148000,116000,0
공통,APPLE,A2097-512,AIPXS-512,643500,400000,400000,400000,400000,400000,396000,370000,359000,348000,332000,322000,312000,290000,248000,196000,174000,153000,148000,116000,0
공통,APPLE,A2101-64,AIPXS Max-64,559900,400000,400000,400000,400000,400000,396000,370000,359000,348000,332000,322000,312000,290000,248000,196000,174000,153000,148000,116000,0
공통,APPLE,A2101-256,AIPXS Max-256,614900,400000,400000,400000,400000,400000,396000,370000,359000,348000,332000,322000,312000,290000,248000,196000,174000,153000,148000,116000,0
공통,APPLE,A2101-512,AIPXS Max-512,647900,400000,400000,400000,400000,400000,396000,370000,359000,348000,332000,322000,312000,290000,248000,196000,174000,153000,148000,116000,0
공통,APPLE,A2105-64,AIPXR-64,444400,400000,400000,400000,400000,400000,396000,370000,359000,348000,332000,322000,312000,290000,248000,196000,174000,153000,148000,116000,0
공통,APPLE,A2105-128,AIPXR-128,510400,400000,400000,400000,400000,400000,396000,370000,359000,348000,332000,322000,312000,290000,248000,196000,174000,153000,148000,116000,0
공통,APPLE,A2105-256,AIPXR-256,1188000,81000,81000,81000,81000,81000,81000,75000,73000,71000,68000,66000,64000,59000,51000,40000,36000,31000,30000,24000,0
공통,APPLE,A1901-64,AIPX-64,1155000,81000,81000,81000,81000,81000,81000,75000,73000,71000,68000,66000,64000,59000,51000,40000,36000,31000,30000,24000,0
공통,APPLE,A1901-256,AIPX-256,1351900,81000,81000,81000,81000,81000,81000,75000,73000,71000,68000,66000,64000,59000,51000,40000,36000,31000,30000,24000,0
공통,APPLE,A1905-64,AIP8-64,946000,81000,81000,81000,81000,81000,81000,75000,73000,71000,68000,66000,64000,59000,51000,40000,36000,31000,30000,24000,0
공통,APPLE,A1905-256,AIP8-256,1142900,780000,780000,780000,780000,780000,771000,720000,699000,679000,648000,628000,607000,566000,484000,381000,340000,298000,288000,227000,0
공통,APPLE,A1897-64,AIP8P-64,1076900,81000,81000,81000,81000,81000,81000,75000,73000,71000,68000,66000,64000,59000,51000,40000,36000,31000,30000,24000,0
공통,APPLE,A1897-256,AIP8P-256,1283700,81000,81000,81000,81000,81000,81000,75000,73000,71000,68000,66000,64000,59000,51000,40000,36000,31000,30000,24000,0
공통,APPLE,A1778-32,AIP7-32,199100,199000,199000,199000,199000,199000,197000,184000,179000,174000,166000,160000,155000,145000,124000,98000,87000,77000,74000,58000,0
공통,APPLE,A1778-128,AIP7-128,399300,320000,320000,320000,320000,320000,317000,296000,287000,279000,266000,258000,249000,232000,199000,157000,140000,123000,119000,93000,0
공통,APPLE,A1778-256,AIP7-256,799700,272000,272000,272000,272000,272000,269000,252000,244000,237000,226000,219000,212000,198000,169000,133000,119000,104000,101000,79000,0
공통,APPLE,A1784-32,AIP7P-32,858000,272000,272000,272000,272000,272000,269000,252000,244000,237000,226000,219000,212000,198000,169000,133000,119000,104000,101000,79000,0
공통,APPLE,A1784-128,AIP7P-128,990000,272000,272000,272000,272000,272000,269000,252000,244000,237000,226000,219000,212000,198000,169000,133000,119000,104000,101000,79000,0
공통,APPLE,A1784-256,AIP7P-256,1094500,697000,697000,697000,697000,697000,689000,644000,625000,607000,579000,561000,543000,506000,433000,341000,304000,267000,258000,203000,0
공통,APPLE,A1687-128,AIP6SP-128,440000,440000,440000,440000,440000,440000,435000,407000,395000,383000,366000,354000,343000,319000,273000,215000,192000,169000,163000,128000,0
공통,APPLE,A1687-16,AIP6SP-16,500500,165000,165000,165000,165000,165000,165000,165000,165000,165000,165000,165000,165000,165000,165000,165000,165000,165000,165000,165000,0
공통,APPLE,A1687-64,AIP6SP-64,678700,165000,165000,165000,165000,165000,165000,165000,165000,165000,165000,165000,165000,165000,165000,165000,165000,165000,165000,165000,0
공통,APPLE,A1687-32,AIP6SP-32,363000,316000,316000,316000,316000,316000,313000,292000,284000,275000,263000,255000,246000,230000,196000,155000,138000,121000,117000,92000,0
공통,APPLE,A1688-128,AIP6S-128,385000,385000,385000,385000,385000,385000,381000,356000,345000,335000,320000,310000,300000,280000,239000,188000,168000,148000,143000,112000,0
공통,APPLE,A1688-16,AIP6S-16,434500,165000,165000,165000,165000,165000,165000,165000,165000,165000,165000,165000,165000,165000,165000,165000,165000,165000,165000,165000,0
공통,APPLE,A1688-64,AIP6S-64,612700,165000,165000,165000,165000,165000,165000,165000,165000,165000,165000,165000,165000,165000,165000,165000,165000,165000,165000,165000,0
공통,APPLE,A1688-32,AIP6S-32,352000,352000,352000,352000,352000,352000,348000,325000,316000,307000,293000,284000,274000,256000,219000,172000,154000,135000,130000,103000,0
공통,APPLE,A1723-16,AIPSE-16,536800,134000,119000,108000,98000,88000,78000,72000,70000,68000,65000,63000,61000,57000,49000,39000,34000,30000,29000,23000,0
공통,APPLE,A1723-32,AIPSE-32,569800,134000,119000,108000,98000,88000,78000,72000,70000,68000,65000,63000,61000,57000,49000,39000,34000,30000,29000,23000,0
공통,APPLE,A1723-64,AIPSE-64,666600,134000,119000,108000,98000,88000,78000,72000,70000,68000,65000,63000,61000,57000,49000,39000,34000,30000,29000,23000,0
공통,APPLE,A1723-128,AIPSE-128,699600,134000,119000,108000,98000,88000,78000,72000,70000,68000,65000,63000,61000,57000,49000,39000,34000,30000,29000,23000,0
공통,APPLE,A1586-32,AIP6-32,214500,187000,187000,187000,187000,187000,187000,187000,187000,187000,187000,187000,187000,187000,187000,187000,187000,187000,187000,187000,0
공통,APPLE,DE-A2296-64,데모 아이폰SE2 64G,389400,340000,340000,340000,340000,340000,336000,314000,305000,296000,283000,274000,265000,247000,211000,166000,148000,130000,126000,99000,0
공통,APPLE,DE-A2221-64,데모 아이폰11,557700,400000,400000,400000,400000,400000,396000,370000,359000,348000,332000,322000,312000,290000,248000,196000,174000,153000,148000,116000,0
공통,APPLE,DE-A2215-64,데모 아이폰11 Pro,605000,400000,400000,400000,400000,400000,396000,370000,359000,348000,332000,322000,312000,290000,248000,196000,174000,153000,148000,116000,0
공통,APPLE,DE-A2218-64,데모 아이폰11 Pro Max,649000,400000,400000,400000,400000,400000,396000,370000,359000,348000,332000,322000,312000,290000,248000,196000,174000,153000,148000,116000,0
공통,APPLE,DE-A2105-64,데모 아이폰XR 64G,495000,400000,400000,400000,400000,400000,396000,370000,359000,348000,332000,322000,312000,290000,248000,196000,174000,153000,148000,116000,0
공통,APPLE,DE-A1688-16,데모_AIP6S-16,479600,330000,330000,330000,330000,330000,330000,330000,330000,330000,330000,330000,330000,330000,330000,330000,330000,330000,330000,330000,0
공통,APPLE,DE-A1687-16,데모_AIP6SP-16,581900,360000,360000,360000,360000,360000,360000,360000,360000,360000,360000,360000,360000,360000,360000,360000,360000,360000,360000,360000,0
공통,APPLE,DE-A1723-16,데모_AIPSE-16,426800,330000,330000,330000,330000,330000,330000,330000,330000,330000,330000,330000,330000,330000,330000,330000,330000,330000,330000,330000,0
공통,APPLE,DE-A1778-32,데모_AIP7-32,627000,450000,450000,450000,450000,450000,445000,416000,404000,392000,374000,362000,351000,327000,279000,220000,196000,172000,167000,131000,0
공통,APPLE,DE-A1778-128,데모_AIP7-128,726000,450000,450000,450000,450000,450000,445000,416000,404000,392000,374000,362000,351000,327000,279000,220000,196000,172000,167000,131000,0
공통,APPLE,DE-A1784-32,데모_AIP7P-32,741400,450000,450000,450000,450000,450000,445000,416000,404000,392000,374000,362000,351000,327000,279000,220000,196000,172000,167000,131000,0
공통,APPLE,DE-A1784-128,데모_AIP7P-128,840400,450000,450000,450000,450000,450000,445000,416000,404000,392000,374000,362000,351000,327000,279000,220000,196000,172000,167000,131000,0
공통,APPLE,DE-A1897-64,데모_AIP8+-64,774400,450000,450000,450000,450000,450000,445000,416000,404000,392000,374000,362000,351000,327000,279000,220000,196000,172000,167000,131000,0
공통,APPLE,DE-A1901-64,데모_AIPX-64,971300,647000,647000,647000,647000,647000,640000,599000,582000,566000,541000,525000,508000,475000,409000,326000,293000,260000,252000,202000,0
공통,APPLE,DE-A1905-64,데모_AIP8-64,676500,81000,81000,81000,81000,81000,81000,75000,73000,71000,68000,66000,64000,59000,51000,40000,36000,31000,30000,24000,0
공통,APPLE,DE-A2097-64,데모_AIPXS-64,607200,400000,400000,400000,400000,400000,396000,370000,359000,348000,332000,322000,312000,290000,248000,196000,174000,153000,148000,116000,0
공통,APPLE,DE-A2101-64,데모_AIPXS Max-64,737000,400000,400000,400000,400000,400000,396000,370000,359000,348000,332000,322000,312000,290000,248000,196000,174000,153000,148000,116000,0
공통,SSE,SM-N960N,노트9,799700,148000,148000,148000,148000,148000,147000,137000,133000,129000,123000,119000,116000,108000,92000,73000,65000,57000,55000,43000,0
공통,SSE,SM-N960N512,노트9 512G,1155000,500000,500000,500000,500000,500000,494000,462000,448000,435000,415000,402000,389000,363000,310000,244000,218000,191000,185000,145000,0
공통,SSE,SM-G970N,S10e,899800,370000,370000,370000,370000,370000,366000,342000,332000,322000,308000,298000,288000,269000,230000,181000,161000,142000,137000,108000,0
공통,SSE,SM-G973N,S10 128G,899800,370000,370000,370000,370000,370000,366000,342000,332000,322000,308000,298000,288000,269000,230000,181000,161000,142000,137000,108000,0
공통,SSE,SM-G973N512,S10 512G,998800,370000,370000,370000,370000,370000,366000,342000,332000,322000,308000,298000,288000,269000,230000,181000,161000,142000,137000,108000,0
공통,SSE,SM-G975N,S10+ 128G,1155000,549000,549000,549000,549000,549000,543000,507000,492000,478000,456000,442000,428000,399000,341000,268000,239000,210000,203000,160000,0
공통,SSE,SM-G975N512,S10+ 512G,1397000,700000,700000,700000,700000,700000,692000,647000,628000,609000,581000,563000,545000,508000,434000,342000,305000,268000,259000,203000,0
공통,SSE,SM-G887N,A9 Pro,449900,125000,125000,125000,125000,125000,124000,116000,112000,109000,104000,101000,98000,91000,78000,61000,55000,48000,47000,37000,0
공통,SSE,SM-G960N,S9,858000,400000,400000,400000,400000,400000,396000,370000,359000,348000,332000,322000,312000,290000,248000,196000,174000,153000,148000,116000,0
공통,SSE,SM-G965N,S9+,968000,400000,400000,400000,400000,400000,396000,370000,359000,348000,332000,322000,312000,290000,248000,196000,174000,153000,148000,116000,0
공통,SSE,SM-G965N256,S9+ 256G,1078000,700000,700000,700000,700000,700000,692000,647000,628000,609000,581000,563000,545000,508000,434000,342000,305000,268000,259000,203000,0
공통,SSE,SM-G950N,S8,599500,182000,182000,182000,182000,182000,180000,168000,164000,159000,152000,147000,142000,132000,113000,89000,80000,70000,68000,53000,0
공통,SSE,SM-G955N,S8+,899800,550000,550000,550000,550000,550000,544000,508000,493000,479000,457000,443000,428000,399000,341000,269000,240000,211000,203000,160000,0
공통,SSE,SM-G955N128,S8+ 128G,998800,660000,660000,660000,660000,660000,653000,610000,592000,575000,548000,531000,514000,479000,410000,323000,288000,253000,244000,192000,0
공통,SSE,SM-G930L,갤 S7 32G,699600,500000,500000,500000,500000,500000,494000,462000,448000,435000,415000,402000,389000,363000,310000,244000,218000,191000,185000,145000,0
공통,SSE,SM-G930L64,갤 S7 64G,721600,500000,500000,500000,500000,500000,494000,462000,448000,435000,415000,402000,389000,363000,310000,244000,218000,191000,185000,145000,0
공통,SSE,SM-G935L,갤 S7 엣지 32G,755700,500000,500000,500000,500000,500000,494000,462000,448000,435000,415000,402000,389000,363000,310000,244000,218000,191000,185000,145000,0
공통,SSE,SM-G935L64,갤 S7 엣지 64G,777700,500000,500000,500000,500000,500000,494000,462000,448000,435000,415000,402000,389000,363000,310000,244000,218000,191000,185000,145000,0
공통,SSE,SM-G935L128,갤 S7 엣지 128G,799700,500000,500000,500000,500000,500000,494000,462000,448000,435000,415000,402000,389000,363000,310000,244000,218000,191000,185000,145000,0
공통,SSE,SM-G920L,갤_S6_32G,679800,207000,207000,207000,207000,207000,206000,196000,192000,189000,183000,179000,175000,168000,152000,133000,126000,118000,116000,105000,0
공통,SSE,SM-G920L64,갤_S6_64G,699600,207000,207000,207000,207000,207000,206000,196000,192000,189000,183000,179000,175000,168000,152000,133000,126000,118000,116000,105000,0
공통,SSE,SM-G925L,갤_S6_엣지_32G,735900,500000,500000,500000,500000,500000,498000,483000,476000,470000,461000,455000,449000,437000,412000,382000,369000,357000,354000,336000,0
공통,SSE,SM-G925L64,갤_S6_엣지_64G,755700,500000,500000,500000,500000,500000,498000,483000,476000,470000,461000,455000,449000,437000,412000,382000,369000,357000,354000,336000,0
공통,SSE,SM-G925L128,갤_S6_엣지_128G,799700,500000,500000,500000,500000,500000,498000,483000,476000,470000,461000,455000,449000,437000,412000,382000,369000,357000,354000,336000,0
공통,SSE,SM-G928L,갤_S6_엣지P,599500,328000,328000,328000,328000,328000,325000,303000,294000,286000,273000,264000,256000,238000,204000,161000,143000,126000,122000,96000,0
공통,SSE,SM-G610L,On7,344300,300000,300000,300000,300000,300000,300000,300000,300000,300000,300000,300000,300000,300000,300000,300000,300000,300000,300000,300000,0
공통,SSE,SM-G611L,On 7 Prime,344300,300000,300000,300000,300000,300000,300000,300000,300000,300000,300000,300000,300000,300000,300000,300000,300000,300000,300000,300000,0
공통,SSE,SM-A920N,갤럭시 A9,599500,125000,125000,125000,125000,125000,124000,116000,112000,109000,104000,101000,98000,91000,78000,61000,55000,48000,47000,37000,0
공통,SSE,SM-A750N,A7 2018,499400,135000,135000,135000,135000,135000,134000,125000,121000,118000,113000,109000,106000,98000,84000,66000,59000,52000,50000,40000,0
공통,SSE,SM-A600N,A6,346500,125000,125000,125000,125000,125000,124000,116000,112000,109000,104000,101000,98000,91000,78000,61000,55000,48000,47000,37000,0
공통,SSE,SM-A710L,A7 2016,528000,280000,280000,280000,280000,280000,277000,259000,251000,244000,233000,226000,218000,203000,174000,137000,122000,107000,104000,82000,0
공통,SSE,SM-A530N,A8 2018,499400,400000,400000,400000,400000,400000,396000,370000,359000,348000,332000,322000,312000,290000,248000,196000,174000,153000,148000,116000,0
공통,SSE,SM-A520L,A5 2017,297000,240000,240000,240000,240000,240000,238000,222000,216000,209000,200000,193000,187000,174000,149000,118000,105000,92000,89000,70000,0
공통,SSE,SM-A510L,A5 2016,429000,264000,264000,264000,264000,264000,261000,244000,237000,230000,220000,213000,206000,192000,164000,129000,115000,101000,98000,77000,0
공통,SSE,SM-A505N,A50,429000,125000,125000,125000,125000,125000,124000,116000,112000,109000,104000,101000,98000,91000,78000,61000,55000,48000,47000,37000,0
공통,SSE,SM-A305N,A30,349800,125000,125000,125000,125000,125000,124000,116000,112000,109000,104000,101000,98000,91000,78000,61000,55000,48000,47000,37000,0
공통,SSE,SM-A315N,A31,374000,374000,374000,374000,374000,374000,370000,346000,336000,326000,311000,301000,291000,272000,232000,183000,163000,143000,139000,109000,0
공통,SSE,SM-A325N,갤럭시 A32,374000,325000,325000,325000,325000,325000,325000,325000,321000,314000,304000,297000,290000,275000,247000,211000,197000,183000,179000,158000,0
공통,SSE,SM-A245N,갤럭시 A24,396000,300000,300000,300000,300000,300000,291000,286000,284000,282000,279000,277000,276000,272000,264000,255000,251000,247000,246000,240000,0
공통,SSE,SM-A235N,갤럭시 A23,374000,325000,325000,325000,325000,325000,325000,325000,321000,314000,304000,297000,290000,275000,247000,211000,197000,183000,179000,158000,0
공통,SSE,SM-A217N,갤럭시 A21s,297000,297000,297000,297000,297000,297000,294000,275000,267000,259000,247000,239000,232000,216000,185000,145000,130000,114000,110000,87000,0
공통,SSE,SM-A175N,갤럭시 A17,319000,319000,319000,319000,319000,319000,319000,319000,319000,319000,319000,319000,319000,319000,319000,161000,151000,141000,139000,124000,0
공통,SSE,SM-A165N,갤럭시 A16,319000,269000,269000,269000,269000,269000,260000,255000,253000,251000,248000,246000,245000,241000,233000,224000,220000,216000,215000,209000,0
공통,SSE,SM-A155N,갤럭시 A15,319000,239000,239000,239000,239000,239000,239000,239000,236000,231000,224000,219000,214000,205000,185000,161000,151000,141000,139000,124000,0
공통,SSE,SM-A135N,갤럭시 A13,297000,170000,170000,170000,170000,170000,169000,164000,161000,159000,155000,153000,151000,146000,136000,124000,120000,115000,114000,107000,0
공통,SSE,SM-A125N,갤럭시 A12,275000,272000,272000,272000,272000,272000,272000,272000,271000,268000,264000,261000,258000,252000,241000,226000,220000,215000,213000,204000,0
공통,SSE,SM-A102N,갤럭시 A10e,199100,199000,199000,199000,199000,199000,199000,199000,199000,197000,195000,194000,192000,189000,183000,176000,173000,170000,169000,165000,0
공통,SSE,SM-A102N-KA,카카오리틀프렌즈폰3,239800,199000,199000,199000,199000,199000,199000,199000,199000,197000,195000,194000,192000,189000,183000,176000,173000,170000,169000,165000,0
공통,SSE,SM-A102N-KF4,카카오리틀프렌즈폰4,251900,251000,251000,251000,251000,251000,248000,232000,225000,219000,209000,202000,196000,182000,156000,123000,110000,96000,93000,73000,0
공통,SSE,SM-G525N-UK,U+키즈폰 with 카카오프렌즈,322000,275000,275000,275000,275000,275000,275000,275000,275000,275000,275000,275000,275000,275000,275000,275000,275000,275000,275000,275000,0
공통,SSE,SM-G525N-UC,U+키즈폰 with 춘식이,322000,275000,275000,275000,275000,275000,275000,275000,275000,275000,275000,275000,275000,275000,275000,275000,275000,275000,275000,275000,0
공통,SSE,SM-A245N-UC2,U+키즈폰 with 춘식이2,396000,300000,300000,300000,300000,300000,291000,286000,284000,282000,279000,277000,276000,272000,264000,255000,251000,247000,246000,240000,0
공통,SSE,SM-A165N-UM,U+키즈폰 무너에디션,365200,269000,269000,269000,269000,269000,260000,255000,253000,251000,248000,246000,245000,241000,233000,224000,220000,216000,215000,209000,0
공통,SSE,SM-A175N-M2,갤럭시 A17 키즈폰 무너2,"369,500",274000,274000,274000,274000,274000,265000,260000,258000,256000,253000,251000,250000,246000,238000,229000,225000,221000,217000,214000,0
공통,SSE,SM-G525N,갤럭시 Xcover 5,275000,275000,275000,275000,275000,275000,275000,275000,275000,275000,275000,275000,275000,275000,275000,275000,275000,275000,275000,275000,0
공통,SSE,SM-F700N,갤럭시 Z Flip,1188000,600000,600000,600000,600000,600000,593000,554000,538000,522000,498000,483000,467000,435000,372000,293000,261000,230000,222000,174000,0
공통,SSE,SM-J600L,J6,330000,244000,244000,244000,244000,244000,242000,226000,219000,213000,203000,197000,190000,177000,152000,120000,107000,94000,91000,71000,0
공통,SSE,SM-J530L,J5 2017,297000,240000,240000,240000,240000,240000,238000,222000,216000,209000,200000,193000,187000,174000,149000,118000,105000,92000,89000,70000,0
공통,SSE,SM-J510L,J5 2016,297000,260000,260000,260000,260000,260000,260000,260000,260000,260000,260000,260000,260000,260000,260000,260000,260000,260000,260000,260000,0
공통,SSE,SM-J415N,갤럭시 J4+,264000,260000,260000,260000,260000,260000,260000,260000,260000,260000,260000,260000,260000,260000,260000,227000,227000,227000,227000,227000,0
공통,SSE,SM-J415N-KA,카카오리틀프렌즈폰2,299200,260000,260000,260000,260000,260000,260000,260000,260000,260000,260000,260000,260000,260000,260000,227000,227000,227000,227000,227000,0
공통,SSE,SM-J415N-BR,U+브라보라이프폰,260700,260000,260000,260000,260000,260000,260000,260000,260000,260000,260000,260000,260000,260000,260000,227000,227000,227000,227000,227000,0
공통,SSE,SM-J330L,J3 2017,244200,209000,209000,209000,209000,209000,209000,209000,209000,209000,209000,209000,209000,209000,209000,209000,209000,209000,209000,209000,0
공통,SSE,SM-J330L-KA,카카오 리틀 프렌즈폰,286000,209000,209000,209000,209000,209000,209000,209000,209000,209000,209000,209000,209000,209000,209000,209000,209000,209000,209000,209000,0
공통,SSE,SM-J320N0,J3 2016,231000,223000,223000,223000,223000,223000,223000,220000,219000,218000,217000,216000,215000,212000,208000,203000,201000,199000,198000,195000,0
공통,SSE,SM-J250N,J2 Pro,199100,190000,190000,190000,190000,190000,188000,176000,171000,166000,158000,153000,148000,138000,118000,93000,83000,73000,71000,56000,0
공통,SSE,SM-N950N,노트8,847000,694000,694000,694000,694000,694000,686000,641000,622000,604000,577000,558000,540000,504000,431000,339000,302000,266000,257000,202000,0
공통,SSE,SM-N950N256,노트8 256G,942700,440000,440000,440000,440000,440000,435000,407000,395000,383000,366000,354000,343000,319000,273000,215000,192000,169000,163000,128000,0
공통,SSE,SM-N935L,노트FE,699600,175000,175000,175000,175000,175000,173000,162000,157000,153000,146000,141000,137000,127000,109000,86000,77000,67000,65000,51000,0
공통,SSE,SM-N920L64,노트5 64G,821700,410000,410000,410000,410000,410000,406000,381000,371000,361000,346000,336000,326000,306000,266000,216000,196000,176000,171000,141000,0
공통,SSE,SM-N920L,노트5,799700,410000,410000,410000,410000,410000,406000,381000,371000,361000,346000,336000,326000,306000,266000,216000,196000,176000,171000,141000,0
공통,SSE,SM-N916L,노트4 3밴드,799700,591000,591000,591000,591000,591000,585000,551000,537000,524000,503000,489000,476000,448000,394000,325000,297000,270000,263000,222000,0
공통,SSE,SM-N915L,노트4엣지,699600,611000,611000,611000,611000,611000,604000,564000,548000,532000,508000,492000,476000,443000,379000,299000,266000,234000,226000,178000,0
공통,SSE,SM-N910L,노트4,799700,380000,380000,380000,380000,380000,378000,367000,363000,358000,351000,347000,342000,333000,315000,292000,283000,274000,271000,258000,0
공통,SSE,SM-G160N,갤럭시폴더2,231000,125000,125000,125000,125000,125000,124000,116000,112000,109000,104000,101000,98000,91000,78000,61000,55000,48000,47000,37000,0
공통,SSE,SM-G160N32,갤럭시폴더2 32G,253000,125000,125000,125000,125000,125000,124000,116000,112000,109000,104000,101000,98000,91000,78000,61000,55000,48000,47000,37000,0
공통,SSE,SM-G160N2021,갤럭시폴더2 (2021),253000,170000,170000,170000,170000,170000,169000,164000,161000,159000,155000,153000,151000,146000,136000,124000,120000,115000,114000,107000,0
공통,SSE,SM-G150NL,갤럭시폴더,297000,250000,250000,250000,250000,250000,250000,247000,246000,245000,243000,242000,241000,238000,233000,227000,225000,223000,222000,219000,0
공통,SSE,SM-A310N0,A3 2016,352000,307000,307000,307000,307000,307000,307000,307000,307000,307000,307000,307000,307000,307000,307000,307000,307000,307000,307000,307000,0
공통,기타,AT-M120,스타일폴더,237600,237000,237000,237000,237000,237000,237000,237000,237000,237000,232000,229000,225000,218000,204000,187000,180000,173000,171000,161000,0
공통,기타,AT-M120B,스타일폴더,237600,237000,237000,237000,237000,237000,237000,237000,237000,237000,232000,229000,225000,218000,204000,187000,180000,173000,171000,161000,0
공통,기타,AT-M140L,스타일폴더2,237600,206000,206000,206000,206000,206000,206000,206000,206000,206000,206000,206000,206000,206000,206000,206000,206000,195000,193000,178000,0
